instance,n,cost,gap_abs,gap_rel_percent,tour_found,success
bcl380,380,1635.0,14.0,0.863664404688464,True,False
dkg813,813,3303.0,104.0,3.251015942482026,True,False
gr666,666,295107.0,615.0,0.2088341958355405,True,True
lim963,963,2815.0,26.0,0.9322337755467911,True,False
pa561,561,2763.0,0.0,0.0,True,True
pbk411,411,1364.0,21.0,1.5636634400595681,True,False
pbl395,395,1291.0,10.0,0.78064012490242,True,False
pbm436,436,1474.0,31.0,2.148302148302148,True,False
pbn423,423,1376.0,11.0,0.805860805860806,True,False
pcb442,442,50892.0,114.0,0.22450667611957933,True,True
pka379,379,1553.0,182.0,13.274981765134939,True,False
rbu737,737,3330.0,16.0,0.48280024140012073,True,True
rbx711,711,3147.0,30.0,0.9624639076034648,True,False
xql662,662,2536.0,21.0,0.8349900596421471,True,False
