beta_hat,beta_ci_low,beta_ci_high,x0_hat,x0_ci_low,x0_ci_high
0.13113599598037884,0.09308040056441884,0.19270270286243388,16.134830906685227,13.515333737666118,19.447561647967436
