beta_hat,beta_ci_low,beta_ci_high,x0_hat,x0_ci_low,x0_ci_high
0.02697189164942242,0.02697189164942242,0.02697189164942242,18594.289948847676,18594.289948847676,18594.289948847676
