beta_hat,beta_ci_low,beta_ci_high,x0_hat,x0_ci_low,x0_ci_high
0.6766213120954133,0.20909345678665398,1.9967931051893006,8.871473309703335,8.136690610819945,11.68709944259851
